Toothless Nightfury sticker pack,http://telegramstickers.altervista.org/wp-content/uploads/2015/10/photo55017711179246377-300x200.jpg,http://telegramstickers.altervista.org/toothless-nightfury-sticker-pack/
Girls Stamp sticker pack,http://telegramstickers.altervista.org/wp-content/uploads/2015/10/wpid-wp-1444309102197-300x200.png,http://telegramstickers.altervista.org/girls-stamp-sticker-pack/
Emma Stone sticker pack,http://telegramstickers.altervista.org/wp-content/uploads/2015/10/wpid-wp-1444308984244-300x200.png,http://telegramstickers.altervista.org/emma-stone-sticker-pack/
Totoro sticker pack,http://telegramstickers.altervista.org/wp-content/uploads/2015/10/wpid-wp-1444308840256-300x200.png,http://telegramstickers.altervista.org/totoro-sticker-pack/
Onigiri sticker pack,http://telegramstickers.altervista.org/wp-content/uploads/2015/10/wpid-wp-1444308609369-300x200.png,http://telegramstickers.altervista.org/onigiri-sticker-pack/
Pope Francesco sticker pack,http://telegramstickers.altervista.org/wp-content/uploads/2015/10/wpid-wp-1444308356151-300x200.png,http://telegramstickers.altervista.org/pope-francesco-sticker-pack/
Obama Sticker pack,http://telegramstickers.altervista.org/wp-content/uploads/2015/10/wpid-wp-1444308396757-300x200.png,http://telegramstickers.altervista.org/obama-sticker-pack/
Black Eyed Peas sticker pack,http://telegramstickers.altervista.org/wp-content/uploads/2015/09/wpid-wp-1443454077392-300x200.png,http://telegramstickers.altervista.org/black-eyed-peas-sticker-pack/
Full Metal Alchemist,http://telegramstickers.altervista.org/wp-content/uploads/2015/09/wpid-wp-1443454493923-300x200.png,http://telegramstickers.altervista.org/full-metal-alchemist/
Proper Harold sticker pack,http://telegramstickers.altervista.org/wp-content/uploads/2015/09/wpid-wp-1443192541715-300x200.png,http://telegramstickers.altervista.org/proper-harold-sticker-pack/
Miley Cyrus sticker pack,http://telegramstickers.altervista.org/wp-content/uploads/2015/09/wpid-wp-1443192208862-300x200.png,http://telegramstickers.altervista.org/miley-cyrus-sticker-pack/
Matt Damon sticker pack,http://telegramstickers.altervista.org/wp-content/uploads/2015/09/wpid-wp-1443192003464-300x200.png,http://telegramstickers.altervista.org/matt-damon-sticker-pack/
Lana Del Rey sticker pack,http://telegramstickers.altervista.org/wp-content/uploads/2015/09/wpid-wp-1443191659166-300x200.png,http://telegramstickers.altervista.org/lana-del-rey-sticker-pack/
Pixel Bears sticker pack,http://telegramstickers.altervista.org/wp-content/uploads/2015/09/wpid-wp-1443191444091-300x200.png,http://telegramstickers.altervista.org/pixel-bears-sticker-pack/
Zaimi pls. Sticker pack,http://telegramstickers.altervista.org/wp-content/uploads/2015/09/wpid-screenshot_2015-09-28-18-01-4701.png-300x200.png,http://telegramstickers.altervista.org/zaimi-pls-sticker-pack/
Yotobi sticker pack,http://telegramstickers.altervista.org/wp-content/uploads/2015/09/wpid-wp-1443191359210-300x200.png,http://telegramstickers.altervista.org/yotobi-sticker-pack/
Car brand logo sticker pack,http://telegramstickers.altervista.org/wp-content/uploads/2015/09/wpid-wp-1443191186022-300x200.png,http://telegramstickers.altervista.org/car-brand-logo-sticker-pack/
Vasco Rossi sticker pack,http://telegramstickers.altervista.org/wp-content/uploads/2015/09/wpid-wp-1443191042982-300x200.png,http://telegramstickers.altervista.org/vasco-rossi-sticker-pack/
Michael Jackson sticker pack,http://telegramstickers.altervista.org/wp-content/uploads/2015/09/wpid-wp-1443191094565-300x200.png,http://telegramstickers.altervista.org/michael-jackson-sticker-pack/
One Piece sticker pack,http://telegramstickers.altervista.org/wp-content/uploads/2015/09/IMG_4269-0-300x200.png,http://telegramstickers.altervista.org/one-piece-sticker-pack-2/
Sio sticker pack,http://telegramstickers.altervista.org/wp-content/uploads/2015/09/ytgrfhytgrfehgtr-300x200.png,http://telegramstickers.altervista.org/sio-sticker-pack/
Gumball sticker pack,http://telegramstickers.altervista.org/wp-content/uploads/2015/09/gtrfhygtre-300x200.png,http://telegramstickers.altervista.org/gumball-sticker-pack/
Rowan sticker pack by ShibaInYou,http://telegramstickers.altervista.org/wp-content/uploads/2015/09/wpid-wp-1442043279639-300x200.png,http://telegramstickers.altervista.org/rowan-sticker-pack-by-shibainyou/
Northern Chan sticker pack,http://telegramstickers.altervista.org/wp-content/uploads/2015/09/wpid-wp-1442042924270-300x200.png,http://telegramstickers.altervista.org/northern-chan-sticker-pack/
Italian X Factor show sticker pack,http://telegramstickers.altervista.org/wp-content/uploads/2015/09/wpid-wp-1442042705528-300x200.png,http://telegramstickers.altervista.org/italian-x-factor-show-sticker-pack/
House of Cards sticker pack,http://telegramstickers.altervista.org/wp-content/uploads/2015/09/wpid-screenshot_2015-09-10-15-47-3301.png-300x200.png,http://telegramstickers.altervista.org/house-of-cards-sticker-pack/
One Direction sticker pack,http://telegramstickers.altervista.org/wp-content/uploads/2015/09/wpid-wp-1441700157207-300x200.png,http://telegramstickers.altervista.org/one-direction-sticker-pack/
NunGun sticker pack,http://telegramstickers.altervista.org/wp-content/uploads/2015/09/wpid-screenshot_2015-09-08-10-05-0701.png-300x200.png,http://telegramstickers.altervista.org/nungun-sticker-pack/
Italy serie B sticker pack,http://telegramstickers.altervista.org/wp-content/uploads/2015/09/wpid-screenshot_2015-09-08-07-27-2501.png-300x200.png,http://telegramstickers.altervista.org/italy-serie-b-sticker-pack/
Calisthenics sticker pack,http://telegramstickers.altervista.org/wp-content/uploads/2015/09/wpid-screenshot_2015-09-08-07-23-2701.png-300x200.png,http://telegramstickers.altervista.org/calisthenics-sticker-pack/
Antonio Razzi sticker pack,http://telegramstickers.altervista.org/wp-content/uploads/2015/09/wpid-screenshot_2015-09-08-09-57-3301.png-300x200.png,http://telegramstickers.altervista.org/antonio-razzi-sticker-pack/
Ekostickers by Ostrinus,http://telegramstickers.altervista.org/wp-content/uploads/2015/09/wpid-screenshot_2015-09-08-07-10-1301.png-300x200.png,http://telegramstickers.altervista.org/ekostickers-by-ostrinus/
Iscone sticker pack by Scone,http://telegramstickers.altervista.org/wp-content/uploads/2015/09/wpid-wp-1441688152386-300x200.png,http://telegramstickers.altervista.org/iscone-sticker-pack/
Sticker Faces sticker pack,http://telegramstickers.altervista.org/wp-content/uploads/2015/09/wpid-wp-1441619645557-300x200.png,http://telegramstickers.altervista.org/sticker-faces-sticker-pack/
Chris Brown sticker pack,http://telegramstickers.altervista.org/wp-content/uploads/2015/09/wpid-wp-1441619432503-300x200.png,http://telegramstickers.altervista.org/chris-brown-sticker-pack/
Delhi sticker pack,http://telegramstickers.altervista.org/wp-content/uploads/2015/09/wpid-wp-1441619191739-300x200.png,http://telegramstickers.altervista.org/delhi-sticker-pack/
Cup No Fuchiko sticker pack,http://telegramstickers.altervista.org/wp-content/uploads/2015/09/wpid-screenshot_2015-09-07-11-33-4601.png-300x200.png,http://telegramstickers.altervista.org/cup-no-fuchiko-sticker-pack/
Jaryl sticker pack by JarylGaren,http://telegramstickers.altervista.org/wp-content/uploads/2015/09/wpid-wp-1441688596701-300x200.png,http://telegramstickers.altervista.org/jaryl-sticker-pack-by-jarylgaren/
Pizza Pug sticker pack,http://telegramstickers.altervista.org/wp-content/uploads/2015/09/wpid-wp-14416182849401-300x200.png,http://telegramstickers.altervista.org/pizza-pug-sticker-pack/
Counter Strike stickers sticker pack,http://telegramstickers.altervista.org/wp-content/uploads/2015/09/5t45r36y3t54765yhgt4fr-300x200.png,http://telegramstickers.altervista.org/counter-strike-stickers-sticker-pack/
Emoji sticker pack,http://telegramstickers.altervista.org/wp-content/uploads/2015/09/IMG_4103-1-300x200.png,http://telegramstickers.altervista.org/emoji-sticker-pack/
Avatars sticker pack,http://telegramstickers.altervista.org/wp-content/uploads/2015/09/5yt4r3e5t4r3ew-300x200.png,http://telegramstickers.altervista.org/avatars-sticker-pack/
Lion King sticker pack,http://telegramstickers.altervista.org/wp-content/uploads/2015/09/wpid-wp-1441256965022-300x200.png,http://telegramstickers.altervista.org/lion-king-sticker-pack/
Anime idolmaster sticker pack,http://telegramstickers.altervista.org/wp-content/uploads/2015/08/idfgihgf-300x200.png,http://telegramstickers.altervista.org/anime-idolmaster-sticker-pack/
Bigli Migli sticker pack,http://telegramstickers.altervista.org/wp-content/uploads/2015/08/BigliMigli-300x200.png,http://telegramstickers.altervista.org/bigli-migli-sticker-pack/
Pinkiepie sticker pack,http://telegramstickers.altervista.org/wp-content/uploads/2015/08/Pinkiepie-300x200.png,http://telegramstickers.altervista.org/pinkiepie-sticker-pack/
Clemente (Caloi) sticker pack,http://telegramstickers.altervista.org/wp-content/uploads/2015/08/rewggrew-300x200.png,http://telegramstickers.altervista.org/clemente-caloi-sticker-pack/
Charmander sticker pack,http://telegramstickers.altervista.org/wp-content/uploads/2015/08/wpid-screenshot_2015-08-30-09-55-0801.png-300x200.png,http://telegramstickers.altervista.org/charmender-sticker-pack/
NBA Logos sticker pack,http://telegramstickers.altervista.org/wp-content/uploads/2015/08/NBA-300x200.png,http://telegramstickers.altervista.org/nba-logos/
Michael Cat sticker pack,http://telegramstickers.altervista.org/wp-content/uploads/2015/08/trertgew-300x200.png,http://telegramstickers.altervista.org/michael-cat-sticker-pack/
Crash Bandicoot sticker pack,http://telegramstickers.altervista.org/wp-content/uploads/2015/08/crash-bandicot-300x200.png,http://telegramstickers.altervista.org/crash-bandicoot-sticker-pack-2/
Hangs Breaker sticker pack,http://telegramstickers.altervista.org/wp-content/uploads/2015/08/refrgefrw-300x200.png,http://telegramstickers.altervista.org/hangs-breaker-sticker-pack/
The Avengers sticker pack,http://telegramstickers.altervista.org/wp-content/uploads/2015/08/avengers-300x200.png,http://telegramstickers.altervista.org/the-avengers-sticker-pack/
Happy Fruits sticker pack,http://telegramstickers.altervista.org/wp-content/uploads/2015/08/yrtereytre-300x200.png,http://telegramstickers.altervista.org/happy-fruits-sticker-pack/
Pokemon Trainers sticker pack,http://telegramstickers.altervista.org/wp-content/uploads/2015/08/Pkmn-trainer-300x200.png,http://telegramstickers.altervista.org/pokemon-trainers-sticker-pack/
Black Smile sticker pack,http://telegramstickers.altervista.org/wp-content/uploads/2015/08/trg4r-300x200.png,http://telegramstickers.altervista.org/black-smile-sticker-pack/
Funny Bunny sticker pack,http://telegramstickers.altervista.org/wp-content/uploads/2015/08/wpid-wp-1440618945847-300x200.png,http://telegramstickers.altervista.org/funny-bunny-sticker-pack/
FatboyCat sticker pack,http://telegramstickers.altervista.org/wp-content/uploads/2015/08/gtfrew-300x200.png,http://telegramstickers.altervista.org/fatboycat-sticker-pack/
Smile Brush sticker pack,http://telegramstickers.altervista.org/wp-content/uploads/2015/08/Smile-Brush-300x200.png,http://telegramstickers.altervista.org/smile-brush-sticker-pack/
Vovkus The Wolf sticker pack,http://telegramstickers.altervista.org/wp-content/uploads/2015/08/Cattura2-300x200.png,http://telegramstickers.altervista.org/vovkus-the-wolf-sticker-pack/
Linux Distribuitions sticker pack,http://telegramstickers.altervista.org/wp-content/uploads/2015/08/Linux-distro-300x200.png,http://telegramstickers.altervista.org/linux-distribuitions-sp/
Nice Smiles sticker pack,http://telegramstickers.altervista.org/wp-content/uploads/2015/08/wpid-wp-1440288023682-300x200.png,http://telegramstickers.altervista.org/nice-smiles-sticker-pack/
World of Warriors sticker pack,http://telegramstickers.altervista.org/wp-content/uploads/2015/08/Cattura-300x200.png,http://telegramstickers.altervista.org/world-of-warriors-sticker-pack/
Happiness sticker pack,http://telegramstickers.altervista.org/wp-content/uploads/2015/08/wpid-wp-1439560978505-300x200.png,http://telegramstickers.altervista.org/happiness-sticker-pack/
DC Heroes sticker pack,http://telegramstickers.altervista.org/wp-content/uploads/2015/08/wpid-wp-1439220586945-300x200.png,http://telegramstickers.altervista.org/dc-heroes-sticker-pack/
Lovely Flowers sticker pack,http://telegramstickers.altervista.org/wp-content/uploads/2015/08/wpid-wp-1439209181277-300x200.png,http://telegramstickers.altervista.org/lovely-flowers-sticker-pack/
Homer Simpson sticker pack,http://telegramstickers.altervista.org/wp-content/uploads/2015/08/wpid-wp-1439123484759-300x200.png,http://telegramstickers.altervista.org/homer-simpson-sticker-pack/
Rascal sticker pack,http://telegramstickers.altervista.org/wp-content/uploads/2015/08/wpid-wp-1438414298979-300x200.png,http://telegramstickers.altervista.org/rascal-sticker-pack/
Marshmallow sticker pack,http://telegramstickers.altervista.org/wp-content/uploads/2015/07/wpid-wp-1438110121108-300x200.png,http://telegramstickers.altervista.org/marshmallow-sticker-pack/
Yasamin Curly Hair sticker pack,http://telegramstickers.altervista.org/wp-content/uploads/2015/07/wpid-screenshot_2015-07-28-20-44-2201.png-300x200.png,http://telegramstickers.altervista.org/yasamin-curly-hair-sticker-pack/
Megaman sticker pack,http://telegramstickers.altervista.org/wp-content/uploads/2015/07/wpid-wp-1438022882756-300x200.png,http://telegramstickers.altervista.org/megaman-sticker-pack/
Scrubs sticker pack!,http://telegramstickers.altervista.org/wp-content/uploads/2015/07/wpid-wp-1437902188183-300x200.png,http://telegramstickers.altervista.org/scrubs-sticker-pack/
Lord Of The Rings sticker pack,http://telegramstickers.altervista.org/wp-content/uploads/2015/07/wpid-wp-1437460397621-300x200.png,http://telegramstickers.altervista.org/lord-of-the-rings-sticker-pack/
Clever Turtle sticker pack,http://telegramstickers.altervista.org/wp-content/uploads/2015/07/wpid-wp-1437328809717-300x200.png,http://telegramstickers.altervista.org/clever-turtle-sticker-pack/
Winnie the Pooh,http://telegramstickers.altervista.org/wp-content/uploads/2015/07/wpid-wp-1437291997441-300x200.png,http://telegramstickers.altervista.org/winnie-the-pooh/
Merkel sticker pack,http://telegramstickers.altervista.org/wp-content/uploads/2015/07/wpid-wp-1437198078992-300x200.png,http://telegramstickers.altervista.org/merkel-sticker-pack/
Olympic Games sticker pack,http://telegramstickers.altervista.org/wp-content/uploads/2015/07/wpid-wp-1437197222510-300x200.png,http://telegramstickers.altervista.org/olympic-games-sticker-pack/
Smurfs sticker pack 2,http://telegramstickers.altervista.org/wp-content/uploads/2015/07/wpid-wp-1437196694692-300x200.png,http://telegramstickers.altervista.org/smurfs-sticker-pack-2/
Muzi sticker pack,http://telegramstickers.altervista.org/wp-content/uploads/2015/07/wpid-wp-1437196003297-300x200.png,http://telegramstickers.altervista.org/muzi-sticker-pack/
Dr House sticker pack,http://telegramstickers.altervista.org/wp-content/uploads/2015/07/wpid-wp-1437113284314-300x200.png,http://telegramstickers.altervista.org/dr-house-sticker-pack/
Happy three friends sticker pack,http://telegramstickers.altervista.org/wp-content/uploads/2015/07/wpid-wp-1437064799710-300x200.png,http://telegramstickers.altervista.org/happy-three-friends-sticker-pack/
Heroes of the storm sticker pack,http://telegramstickers.altervista.org/wp-content/uploads/2015/07/wpid-wp-1436940922412-300x200.png,http://telegramstickers.altervista.org/heroes-of-the-storm-sticker-pack/
NFL Logos sticker pack,http://telegramstickers.altervista.org/wp-content/uploads/2015/07/wpid-wp-1436940262319-300x200.png,http://telegramstickers.altervista.org/nfl-logos-sticker-pack/
Game of thrones sticker pack 2,http://telegramstickers.altervista.org/wp-content/uploads/2015/07/wpid-wp-1436940097208-300x200.png,http://telegramstickers.altervista.org/game-of-thrones-sticker-pack-2/
How i met your mother sticker pack,http://telegramstickers.altervista.org/wp-content/uploads/2015/07/wpid-wp-1436865908976-300x200.png,http://telegramstickers.altervista.org/how-i-met-your-mother-sticker-pack/
Opi sticker pack,http://telegramstickers.altervista.org/wp-content/uploads/2015/07/wpid-wp-1436824511282-300x200.png,http://telegramstickers.altervista.org/opi-sticker-jack/
Clash of clans sticker pack,http://telegramstickers.altervista.org/wp-content/uploads/2015/07/wpid-wp-1436807522353-300x200.png,http://telegramstickers.altervista.org/clash-of-clans-sticker-pack/
Disney sticker pack,http://telegramstickers.altervista.org/wp-content/uploads/2015/07/wpid-wp-1436776940912-300x200.png,http://telegramstickers.altervista.org/disney-sticker-pack/
Girl sticker pack,http://telegramstickers.altervista.org/wp-content/uploads/2015/07/wpid-wp-1436730589479-300x200.png,http://telegramstickers.altervista.org/girl-sticker-pack/
Alireza111i sticker pack,http://telegramstickers.altervista.org/wp-content/uploads/2015/07/wpid-wp-1436687995330-300x200.png,http://telegramstickers.altervista.org/alireza111i-sticker-pack/
TMNT sticker pack,http://telegramstickers.altervista.org/wp-content/uploads/2015/07/wpid-wp-1436687795316-300x200.png,http://telegramstickers.altervista.org/tmnt-sticker-pack/
Facepalm sticker pack,http://telegramstickers.altervista.org/wp-content/uploads/2015/07/wpid-wp-1436532758308-300x200.png,http://telegramstickers.altervista.org/facepalm-sticker-pack/
Pikachu sticker pack,http://telegramstickers.altervista.org/wp-content/uploads/2015/07/wpid-wp-1436500675036-300x200.png,http://telegramstickers.altervista.org/pikachu-sticker-pack/
Hearts sticker pack,http://telegramstickers.altervista.org/wp-content/uploads/2015/07/wpid-wp-1436500340190-300x200.png,http://telegramstickers.altervista.org/hearts-sticker-pack/
Hands sticker pack,http://telegramstickers.altervista.org/wp-content/uploads/2015/07/wpid-wp-1436431504762-300x200.png,http://telegramstickers.altervista.org/hands-sticker-pack/
Funny boy sticker pack,http://telegramstickers.altervista.org/wp-content/uploads/2015/07/wpid-wp-1436378956242-300x200.png,http://telegramstickers.altervista.org/funny-boy-sticker-pack/
Yoba face sticker pack,http://telegramstickers.altervista.org/wp-content/uploads/2015/07/wpid-wp-1436362199673-300x200.png,http://telegramstickers.altervista.org/yoba-face-sticker-pack/
Justice League sticker pack,http://telegramstickers.altervista.org/wp-content/uploads/2015/07/wpid-wp-1436359417368-300x200.png,http://telegramstickers.altervista.org/justice-league-sticker-pack/
Chumbak sticker pack,http://telegramstickers.altervista.org/wp-content/uploads/2015/07/wpid-wp-1436334243034-300x200.png,http://telegramstickers.altervista.org/chumbak-sticker-pack/
Foxes sticker pack,http://telegramstickers.altervista.org/wp-content/uploads/2015/07/wpid-wp-1436296221033-300x200.png,http://telegramstickers.altervista.org/foxes-sticker-pack/
Flinn the sheep sticker pack,http://telegramstickers.altervista.org/wp-content/uploads/2015/07/wpid-wp-14362793889351-300x200.png,http://telegramstickers.altervista.org/flinn-the-sheep-sticker-pack/
Chucklefish sticker pack,http://telegramstickers.altervista.org/wp-content/uploads/2015/07/wpid-wp-1436278668980-300x200.png,http://telegramstickers.altervista.org/chucklefish-sticker-pack/
Ghostbusters sticker pack,http://telegramstickers.altervista.org/wp-content/uploads/2015/07/wpid-wp-1436211479516-300x200.png,http://telegramstickers.altervista.org/ghostbusters-sticker-pack/
Firios sticker pack,http://telegramstickers.altervista.org/wp-content/uploads/2015/07/wpid-wp-1436208475808-300x200.png,http://telegramstickers.altervista.org/firios-sticker-pack/
Ninja Bear sticker pack,http://telegramstickers.altervista.org/wp-content/uploads/2015/07/wpid-wp-1436133670059-300x200.png,http://telegramstickers.altervista.org/ninja-bear-sticker-pack/
Dino sticker set,http://telegramstickers.altervista.org/wp-content/uploads/2015/07/wpid-wp-1436133497568-300x200.png,http://telegramstickers.altervista.org/dino-sticker-set/
Big Lebowski sticker pack,http://telegramstickers.altervista.org/wp-content/uploads/2015/07/wpid-wp-1436132889613-300x200.png,http://telegramstickers.altervista.org/big-lebowski-sticker-pack/
Browser memes sticker pack,http://telegramstickers.altervista.org/wp-content/uploads/2015/07/wpid-wp-1436090448261-300x200.png,http://telegramstickers.altervista.org/browser-memes-sticker-pack/
Leva sticker pack,http://telegramstickers.altervista.org/wp-content/uploads/2015/07/wpid-wp-1436090107973-300x200.png,http://telegramstickers.altervista.org/leva-sticker-pack/
Catpower sticker pack,http://telegramstickers.altervista.org/wp-content/uploads/2015/07/wpid-wp-1436085934107-300x200.png,http://telegramstickers.altervista.org/catpower-sticker-pack/
Rapunzel sticker pack,http://telegramstickers.altervista.org/wp-content/uploads/2015/07/wpid-wp-1436022786536-300x200.png,http://telegramstickers.altervista.org/rapunzel-sticker-pack/
Alphabet sticker pack,http://telegramstickers.altervista.org/wp-content/uploads/2015/07/wpid-wp-1435990332537-300x200.png,http://telegramstickers.altervista.org/alphabet-sticker-pack/
PooPoo sticker pack,http://telegramstickers.altervista.org/wp-content/uploads/2015/07/wpid-wp-1435989782286-300x200.png,http://telegramstickers.altervista.org/poopoo-sticker-pack/
Beeline racoon sticker pack,http://telegramstickers.altervista.org/wp-content/uploads/2015/07/wpid-wp-1435992321435-300x200.png,http://telegramstickers.altervista.org/beeline-racoon-sticker-pack/
Snoomoji from Reddit sticker pack,http://telegramstickers.altervista.org/wp-content/uploads/2015/07/wpid-wp-1435989488756-300x200.png,http://telegramstickers.altervista.org/snoomoji-from-reddit-sticker-pack/
Bernard the bear sticker pack,http://telegramstickers.altervista.org/wp-content/uploads/2015/07/wpid-wp-1435988947842-300x200.png,http://telegramstickers.altervista.org/bernard-the-bear-sticker-pack/
Ron Swanson sticker pack,http://telegramstickers.altervista.org/wp-content/uploads/2015/07/wpid-wp-1435904581581-300x200.png,http://telegramstickers.altervista.org/ron-swanson-sticker-pack/
Spurdo faces sticker pack,http://telegramstickers.altervista.org/wp-content/uploads/2015/07/wpid-wp-1435904380138-300x200.png,http://telegramstickers.altervista.org/spurdo-faces-sticker-pack/
Imartem sticker pack,http://telegramstickers.altervista.org/wp-content/uploads/2015/07/wpid-wp-1435868879562-300x200.png,http://telegramstickers.altervista.org/imartem-sticker-pack/
Film directors sticker pack,http://telegramstickers.altervista.org/wp-content/uploads/2015/07/wpid-wp-1435835152253-300x200.png,http://telegramstickers.altervista.org/film-directors-sticker-pack/
Baach ( sheep ) sticker pack,http://telegramstickers.altervista.org/wp-content/uploads/2015/07/wpid-wp-1435834637508-300x200.png,http://telegramstickers.altervista.org/baach-sheep-sticker-pack/
Zomboy sticker pack,http://telegramstickers.altervista.org/wp-content/uploads/2015/07/wpid-wp-1435820337917-300x200.png,http://telegramstickers.altervista.org/zomboy-sticker-pack/
Cats sticker pack,http://telegramstickers.altervista.org/wp-content/uploads/2015/07/wpid-wp-1435740323675-300x200.png,http://telegramstickers.altervista.org/cats-sticker-pack/
Emojos sticker pack,http://telegramstickers.altervista.org/wp-content/uploads/2015/07/wpid-wp-1435770922314-300x200.png,http://telegramstickers.altervista.org/emojos-sticker-pack/
Koala sticker set,http://telegramstickers.altervista.org/wp-content/uploads/2015/07/wpid-wp-1435739896549-300x200.png,http://telegramstickers.altervista.org/koala-sticker-set/
Angry Birds sticker pack,http://telegramstickers.altervista.org/wp-content/uploads/2015/07/wpid-wp-1435739086577-300x200.png,http://telegramstickers.altervista.org/angry-birds-sticker-pack/
101 Dalmatians sticker pack,http://telegramstickers.altervista.org/wp-content/uploads/2015/06/wpid-wp-1435647039964-300x200.png,http://telegramstickers.altervista.org/101-dalmatians-sticker-pack/
Gili the bacteria sticker pack,http://telegramstickers.altervista.org/wp-content/uploads/2015/06/wpid-wp-1435640395040-300x200.png,http://telegramstickers.altervista.org/gili-the-bacteria-sticker-pack/
Seasons sticker pack,http://telegramstickers.altervista.org/wp-content/uploads/2015/06/wpid-wp-1435612793393-300x200.png,http://telegramstickers.altervista.org/seasons-sticker-pack/
Otto the octopus sticker pack,http://telegramstickers.altervista.org/wp-content/uploads/2015/06/wpid-wp-1435590644003-300x200.png,http://telegramstickers.altervista.org/otto-the-octopus-sticker-pack/
Metal sticker pack,http://telegramstickers.altervista.org/wp-content/uploads/2015/06/wpid-wp-1435587479606-300x200.png,http://telegramstickers.altervista.org/metal-sticker-pack/
Sonya sticker pack,http://telegramstickers.altervista.org/wp-content/uploads/2015/06/wpid-wp-1435572027355-300x200.png,http://telegramstickers.altervista.org/sonya-sticker-pack/
Taylor Swift sticker pack,http://telegramstickers.altervista.org/wp-content/uploads/2015/06/wpid-wp-1435559623138-300x200.png,http://telegramstickers.altervista.org/taylor-swift-sticker-pack/
Saint Young Man sticker pack,http://telegramstickers.altervista.org/wp-content/uploads/2015/06/wpid-wp-1435552919847-300x200.png,http://telegramstickers.altervista.org/saint-young-man-sticker-pack/
Jagermeister sticker pack,http://telegramstickers.altervista.org/wp-content/uploads/2015/06/wpid-wp-1435502016035-300x200.png,http://telegramstickers.altervista.org/jagermeister-sticker-pack/
Apple heroes sticker pack,http://telegramstickers.altervista.org/wp-content/uploads/2015/06/wpid-wp-1435434549076-300x200.png,http://telegramstickers.altervista.org/apple-heroes-sticker-pack/
Doraemon sticker pack,http://telegramstickers.altervista.org/wp-content/uploads/2015/06/wpid-wp-1435426047665-300x200.png,http://telegramstickers.altervista.org/doraemon-sticker-pack/
Bollywood sticker pack,http://telegramstickers.altervista.org/wp-content/uploads/2015/06/wpid-wp-1435391539587-300x200.png,http://telegramstickers.altervista.org/bollywood-sticker-pack/
Ello emoji sticker pack,http://telegramstickers.altervista.org/wp-content/uploads/2015/06/wpid-wp-1435351234436-300x200.png,http://telegramstickers.altervista.org/ello-emoji-sticker-pack/
Aengjul sticker pack,http://telegramstickers.altervista.org/wp-content/uploads/2015/06/wpid-wp-1435390918068-300x200.png,http://telegramstickers.altervista.org/aengjul-sticker-pack/
Lou and Theodore sticker pack,http://telegramstickers.altervista.org/wp-content/uploads/2015/06/wpid-wp-1435390340160-300x200.png,http://telegramstickers.altervista.org/lou-and-theodore-sticker-pack/
Unown sticker pack,http://telegramstickers.altervista.org/wp-content/uploads/2015/06/wpid-wp-1435350817400-300x200.png,http://telegramstickers.altervista.org/unown/
Stephen Hawking sticker pack,http://telegramstickers.altervista.org/wp-content/uploads/2015/06/wpid-wp-1435350569346-300x200.png,http://telegramstickers.altervista.org/stephen-hawking-sticker-pack/
Ben 10 sticker pack,http://telegramstickers.altervista.org/wp-content/uploads/2015/06/wpid-wp-1435350328544-300x200.png,http://telegramstickers.altervista.org/ben-10-sticker-pack/
Dogs sticker pack,http://telegramstickers.altervista.org/wp-content/uploads/2015/06/wpid-wp-1435349878120-300x200.png,http://telegramstickers.altervista.org/dogs-sticker-pack/
Hedgehog Shun sticker pack,http://telegramstickers.altervista.org/wp-content/uploads/2015/06/wpid-wp-1435334892138-300x200.png,http://telegramstickers.altervista.org/hedgehog-shun-sticker-pack/
Mega Jump sticker pack,http://telegramstickers.altervista.org/wp-content/uploads/2015/06/wpid-wp-1435299946317-300x200.png,http://telegramstickers.altervista.org/mega-jump-sticker-pack/
The Arrow sticker pack,http://telegramstickers.altervista.org/wp-content/uploads/2015/06/wpid-wp-1435299518329-300x200.png,http://telegramstickers.altervista.org/the-arrow-sticker-pack/
Resident Evil sticker pack,http://telegramstickers.altervista.org/wp-content/uploads/2015/06/wpid-wp-1435261309384-300x200.png,http://telegramstickers.altervista.org/resident-evil-sticker-pack/
Tweety bird sticker pack,http://telegramstickers.altervista.org/wp-content/uploads/2015/06/wpid-wp-1435261037958-300x200.png,http://telegramstickers.altervista.org/tweety-nord-sticker-pack/
Kung fu Panda sticker pack,http://telegramstickers.altervista.org/wp-content/uploads/2015/06/wpid-wp-1435233349514-300x200.png,http://telegramstickers.altervista.org/kung-fu-panda-sticker-pack/
Valentino Rossi sticker pack,http://telegramstickers.altervista.org/wp-content/uploads/2015/06/wpid-wp-1435232909205-300x200.png,http://telegramstickers.altervista.org/valentino-rossi-sticker-pack/
Louie sticker pack,http://telegramstickers.altervista.org/wp-content/uploads/2015/06/wpid-wp-1435231552060-300x200.png,http://telegramstickers.altervista.org/louie-sticker-pack/
The walking Dead sticker pack,http://telegramstickers.altervista.org/wp-content/uploads/2015/06/wpid-wp-1435231323751-300x200.png,http://telegramstickers.altervista.org/the-walking-dead-sticker-pack/
Bundesliga sticker pack,http://telegramstickers.altervista.org/wp-content/uploads/2015/06/wpid-wp-1435219024614-300x200.png,http://telegramstickers.altervista.org/bundesliga-sticker-pack/
Homestuck sticker pack,http://telegramstickers.altervista.org/wp-content/uploads/2015/06/wpid-wp-1435218120466-300x200.png,http://telegramstickers.altervista.org/homestuck-sticker-pack/
Yoshi sticker pack,http://telegramstickers.altervista.org/wp-content/uploads/2015/06/wpid-wp-1435175784264-300x200.png,http://telegramstickers.altervista.org/yoshi-sticker-pack/
Sexy Animals sticker set,http://telegramstickers.altervista.org/wp-content/uploads/2015/06/wpid-wp-1435175020293-300x200.png,http://telegramstickers.altervista.org/sexy-animals-sticker-set/
Android Emotions sticker pack,http://telegramstickers.altervista.org/wp-content/uploads/2015/06/wpid-wp-1435174612141-300x200.png,http://telegramstickers.altervista.org/android-emotions-sticker-pack/
Parampaa sticker pack,http://telegramstickers.altervista.org/wp-content/uploads/2015/06/wpid-wp-1435174316589-300x200.png,http://telegramstickers.altervista.org/parampaa-sticker-pack/
Mikhail the bear sticker pack,http://telegramstickers.altervista.org/wp-content/uploads/2015/06/wpid-wp-1435091265613-300x200.png,http://telegramstickers.altervista.org/mikhail-the-bear-sticker-pack/
Quaggan sticker pack,http://telegramstickers.altervista.org/wp-content/uploads/2015/06/wpid-wp-1435151550854-300x200.png,http://telegramstickers.altervista.org/quaggan-sticker-pack/
Pandi sticker pack,http://telegramstickers.altervista.org/wp-content/uploads/2015/06/wpid-wp-1435090696661-300x200.png,http://telegramstickers.altervista.org/pandi-sticker-pack/
Kuper sticker pack,http://telegramstickers.altervista.org/wp-content/uploads/2015/06/wpid-wp-1435089878024-300x200.png,http://telegramstickers.altervista.org/kuper-sticker-pack/
Hello Kitty sticker pack,http://telegramstickers.altervista.org/wp-content/uploads/2015/06/wpid-wp-1435089405695-300x200.png,http://telegramstickers.altervista.org/hello-kitty-sticker-pack/
1D sticker pack ( One Direction),http://telegramstickers.altervista.org/wp-content/uploads/2015/06/wpid-wp-1435067687741-300x200.png,http://telegramstickers.altervista.org/1d-sticker-pack-one-direction/
Stewie sticker pack,http://telegramstickers.altervista.org/wp-content/uploads/2015/06/wpid-wp-1435066767785-300x200.png,http://telegramstickers.altervista.org/stewie-sticker-pack/
Italy Serie A sticker pack,http://telegramstickers.altervista.org/wp-content/uploads/2015/06/wpid-wp-1435060916805-300x200.png,http://telegramstickers.altervista.org/italy-serie-a-sticker-pack/
Molang sticker pack,http://telegramstickers.altervista.org/wp-content/uploads/2015/06/wpid-wp-1434904265453-300x200.png,http://telegramstickers.altervista.org/molang-sticker-pack/
DrWho sticker pack,http://telegramstickers.altervista.org/wp-content/uploads/2015/06/wpid-wp-1434905753731-300x200.png,http://telegramstickers.altervista.org/drwho-sticker-pack/
Fruits & Vegetables sticker pack,http://telegramstickers.altervista.org/wp-content/uploads/2015/06/wpid-wp-1434904468228-300x200.png,http://telegramstickers.altervista.org/fruits-vegetables-sticker-pack/
Tolya sticker pack,http://telegramstickers.altervista.org/wp-content/uploads/2015/06/wpid-wp-1434905435862-300x200.png,http://telegramstickers.altervista.org/tolya-sticker-pack/
Talking Owls sticker pack,http://telegramstickers.altervista.org/wp-content/uploads/2015/06/wpid-wp-1434905208245-300x200.png,http://telegramstickers.altervista.org/talking-owls-sticker-pack/
Tomb Raider Meme sticker pack,http://telegramstickers.altervista.org/wp-content/uploads/2015/06/wpid-wp-1434904708778-300x200.png,http://telegramstickers.altervista.org/tomb-raider-meme-sticker-pack/
Littlest pet shop sticker pack,http://telegramstickers.altervista.org/wp-content/uploads/2015/06/wpid-wp-1434903750298-300x200.png,http://telegramstickers.altervista.org/littlest-pet-shop-sticker-pack/
Ed Sheeran sticker pack,http://telegramstickers.altervista.org/wp-content/uploads/2015/06/wpid-wp-1434903522555-300x200.png,http://telegramstickers.altervista.org/ed-sheeran-sticker-pack/
Chris Hemsworth sticker pack,http://telegramstickers.altervista.org/wp-content/uploads/2015/06/wpid-wp-1434903211100-300x200.png,http://telegramstickers.altervista.org/chris-hemsworth-sticker-pack/
Victoria Justice sticker pack,http://telegramstickers.altervista.org/wp-content/uploads/2015/06/wpid-wp-1434806757657-300x200.png,http://telegramstickers.altervista.org/victoria-justice-sticker-pack/
Robert the rabbit sticker pack,http://telegramstickers.altervista.org/wp-content/uploads/2015/06/wpid-wp-1434804884941-300x200.png,http://telegramstickers.altervista.org/robert-the-rabbit-sticker-pack/
Hatsune Miku sticker pack [ Removed ],http://telegramstickers.altervista.org/wp-content/uploads/2015/06/wpid-wp-1434805537029-300x200.png,http://telegramstickers.altervista.org/hatsune-miku-sticker-pack/
Smurfs sticker pack,http://telegramstickers.altervista.org/wp-content/uploads/2015/06/wpid-wp-1434804483796-300x200.png,http://telegramstickers.altervista.org/smurfs-sticker-pack/
Michtim: Fluffy Adventures sticker pack,http://telegramstickers.altervista.org/wp-content/uploads/2015/06/wpid-wp-1434785144318-300x200.png,http://telegramstickers.altervista.org/fluffy-adventures-sticker-pack/
The blue Mike sticker pack,http://telegramstickers.altervista.org/wp-content/uploads/2015/06/wpid-wp-1434784365525-300x200.png,http://telegramstickers.altervista.org/the-blue-mike-sticker-pack/
The Play Room sticker pack,http://telegramstickers.altervista.org/wp-content/uploads/2015/06/wpid-wp-1434783860457-300x200.png,http://telegramstickers.altervista.org/the-play-room-sticker-pack/
Invader Zim sticker pack,http://telegramstickers.altervista.org/wp-content/uploads/2015/06/wpid-wp-1434718109969-300x200.png,http://telegramstickers.altervista.org/invader-zim-sticker-pack/
Falyb sticker pack,http://telegramstickers.altervista.org/wp-content/uploads/2015/06/wpid-wp-1434517757637-300x200.png,http://telegramstickers.altervista.org/falyb-sticker-pack/
Gravity Falls sticker pack,http://telegramstickers.altervista.org/wp-content/uploads/2015/06/wpid-wp-1434489151594-300x200.png,http://telegramstickers.altervista.org/gravity-falls-sticker-pack-2/
Pucca sticker pack,http://telegramstickers.altervista.org/wp-content/uploads/2015/06/wpid-wp-1434488968424-300x200.png,http://telegramstickers.altervista.org/pucca-sticker-pack/
Spongebob meme sticker pack,http://telegramstickers.altervista.org/wp-content/uploads/2015/06/wpid-wp-1434488881940-300x200.png,http://telegramstickers.altervista.org/spongebob-meme-sticker-pack/
Olaf from Frozen sticker pack,http://telegramstickers.altervista.org/wp-content/uploads/2015/06/wpid-wp-1434450459069-300x200.png,http://telegramstickers.altervista.org/olaf-from-frozen-sticker-pack/
Madagascar sticker pack,http://telegramstickers.altervista.org/wp-content/uploads/2015/06/wpid-wp-1434449956115-300x200.png,http://telegramstickers.altervista.org/madagascar-sticker-pack/
Ice Age sticker pack!,http://telegramstickers.altervista.org/wp-content/uploads/2015/06/wpid-wp-1434396830422-300x200.png,http://telegramstickers.altervista.org/ice-age-sticker-pack/
"Monsters, inc. Sticker pack",http://telegramstickers.altervista.org/wp-content/uploads/2015/06/wpid-wp-1434396617918-300x200.png,http://telegramstickers.altervista.org/monastero-inc-sticker-pack/
Skulls sticker set,http://telegramstickers.altervista.org/wp-content/uploads/2015/06/wpid-wp-1434289777128-300x200.png,http://telegramstickers.altervista.org/skulls-sticker-set/
Game of Thrones houses sticker pack,http://telegramstickers.altervista.org/wp-content/uploads/2015/06/wpid-wp-1434289524045-300x200.png,http://telegramstickers.altervista.org/game-of-thrones-houses-sticker-pack/
Family Guy sticker set,http://telegramstickers.altervista.org/wp-content/uploads/2015/06/wpid-wp-1434197631453-300x200.png,http://telegramstickers.altervista.org/family-guy-sticker-set/
Monster Energy sticker pack,http://telegramstickers.altervista.org/wp-content/uploads/2015/06/wpid-wp-1434197359389-300x200.png,http://telegramstickers.altervista.org/monster-energy-sticker-pack/
Rainbow Road,http://telegramstickers.altervista.org/wp-content/uploads/2015/06/wpid-wp-1434196505474-300x200.png,http://telegramstickers.altervista.org/rainbow-road/
Pride sticker pack,http://telegramstickers.altervista.org/wp-content/uploads/2015/06/wpid-wp-14340141697991-300x200.png,http://telegramstickers.altervista.org/pride-sticker-pack-2/
Pride sticker pack,http://telegramstickers.altervista.org/wp-content/uploads/2015/06/wpid-wp-1434014169799-300x200.png,http://telegramstickers.altervista.org/pride-sticker-pack/
Cute Raccoon sticker pack,http://telegramstickers.altervista.org/wp-content/uploads/2015/06/wpid-wp-1433968242561-300x200.png,http://telegramstickers.altervista.org/cute-raccoon-sticker-pack/
Gravity Falls sticker pack,http://telegramstickers.altervista.org/wp-content/uploads/2015/06/wpid-wp-1433957053721-300x200.png,http://telegramstickers.altervista.org/gravity-falls-sticker-pack/
One piece reactions,http://telegramstickers.altervista.org/wp-content/uploads/2015/06/wpid-wp-1433943773640-300x200.png,http://telegramstickers.altervista.org/one-piece-reactions/
Naruto sticker packs,http://telegramstickers.altervista.org/wp-content/uploads/2015/06/wpid-wp-1433915488317-300x200.png,http://telegramstickers.altervista.org/naruto-sticker-packs/
Shaun The Sheep sticker pack,http://telegramstickers.altervista.org/wp-content/uploads/2015/06/wpid-wp-1433888280538-300x200.png,http://telegramstickers.altervista.org/shaun-the-sheep-sticker-pack/
Tarepanda sticker pack,http://telegramstickers.altervista.org/wp-content/uploads/2015/06/wpid-wp-1433833784086-300x200.png,http://telegramstickers.altervista.org/tarepanda-sticker-pack/
Detective Conan sticker pack [ Removed ],http://telegramstickers.altervista.org/wp-content/uploads/2015/06/wpid-wp-1433833211922-300x200.png,http://telegramstickers.altervista.org/detective-conan-sticker-pack/
Lego the big bang theory sticker pack,http://telegramstickers.altervista.org/wp-content/uploads/2015/06/wpid-wp-1433772363722-300x200.png,http://telegramstickers.altervista.org/lego-tbbt-sticker-pack/
Wes Anderson sticker pack,http://telegramstickers.altervista.org/wp-content/uploads/2015/06/wpid-wp-1433754292983-300x200.png,http://telegramstickers.altervista.org/wes-anderson-sticker-pack/
Crash Bandicoot sticker pack,http://telegramstickers.altervista.org/wp-content/uploads/2015/06/wpid-wp-1433754076081-300x200.png,http://telegramstickers.altervista.org/crash-bandicoot-sticker-pack/
Reddit sticker pack,http://telegramstickers.altervista.org/wp-content/uploads/2015/06/wpid-wp-1433753849319-300x200.png,http://telegramstickers.altervista.org/reddit-sticker-pack/
Bruce Lee sticker pack,http://telegramstickers.altervista.org/wp-content/uploads/2015/06/wpid-wp-1433749503238-300x200.png,http://telegramstickers.altervista.org/bruce-lee-sticker-pack/
Apple sticker pack,http://telegramstickers.altervista.org/wp-content/uploads/2015/06/wpid-wp-1433631451792-300x200.png,http://telegramstickers.altervista.org/apple-sticker-pack/
Cut the rope sticker pack,http://telegramstickers.altervista.org/wp-content/uploads/2015/06/wpid-wp-1433538467135-300x200.png,http://telegramstickers.altervista.org/cut-the-rope-sticker-pack/
The Legend Of Zelda sticker pack,http://telegramstickers.altervista.org/wp-content/uploads/2015/06/wpid-wp-1433537702060-300x200.png,http://telegramstickers.altervista.org/the-legend-of-zelda-sticker-pack/
Harry Potter sticker pack,http://telegramstickers.altervista.org/wp-content/uploads/2015/06/wpid-wp-1433510973075-300x200.png,http://telegramstickers.altervista.org/harry-potter-sticker-pack/
Breaking Bad sticker set,http://telegramstickers.altervista.org/wp-content/uploads/2015/06/wpid-wp-1433510824499-300x200.png,http://telegramstickers.altervista.org/breaking-bad-sticker-set/
Archy the pixelated guy sticker pack,http://telegramstickers.altervista.org/wp-content/uploads/2015/06/wpid-wp-1433333537149-300x200.png,http://telegramstickers.altervista.org/archy-the-pixelated-guy-sticker-pack/
Hangouts sticker pack,http://telegramstickers.altervista.org/wp-content/uploads/2015/06/wpid-wp-1433331667395-300x200.png,http://telegramstickers.altervista.org/hangouts-sticker-pack/
Stitch sticker pack,http://telegramstickers.altervista.org/wp-content/uploads/2015/06/wpid-wp-1433278678836-300x200.png,http://telegramstickers.altervista.org/stitch-sticker-pack/
Finding Nemo sticker pack,http://telegramstickers.altervista.org/wp-content/uploads/2015/06/wpid-wp-1433278346727-300x200.png,http://telegramstickers.altervista.org/finding-nemo-sticker-pack/
Penguin sticker pack,http://telegramstickers.altervista.org/wp-content/uploads/2015/05/wpid-wp-1433082961357-300x200.png,http://telegramstickers.altervista.org/penguin-sticker-pack/
Keroppi sticker pack,http://telegramstickers.altervista.org/wp-content/uploads/2015/05/wpid-wp-1432984283548-300x200.png,http://telegramstickers.altervista.org/keroppi-sticker-pack/
Big emoticons sticker pack,http://telegramstickers.altervista.org/wp-content/uploads/2015/05/wpid-wp-1432982837298-300x200.png,http://telegramstickers.altervista.org/big-emoticons-sticker-pack/
Game Of Thrones sticker pack,http://telegramstickers.altervista.org/wp-content/uploads/2015/05/wpid-wp-1432926443610-300x200.png,http://telegramstickers.altervista.org/game-of-thrones-sticker-pack/
Snoopy sticker pack,http://telegramstickers.altervista.org/wp-content/uploads/2015/05/wpid-wp-1432878647652-300x200.png,http://telegramstickers.altervista.org/snoopy-sticker-pack/
Shrek sticker pack,http://telegramstickers.altervista.org/wp-content/uploads/2015/05/wpid-wp-1432926622495-300x200.png,http://telegramstickers.altervista.org/shrek-sticker-pack/
Fairy Tail sticker pack,http://telegramstickers.altervista.org/wp-content/uploads/2015/08/wpid-wp-1440156251460-300x200.png,http://telegramstickers.altervista.org/fairy-tali-sticker-pack/
Persik Cat,http://telegramstickers.altervista.org/wp-content/uploads/2015/05/wpid-wp-1432761827629-300x200.png,http://telegramstickers.altervista.org/person-cat/
Fat Rabbit sticker pack,http://telegramstickers.altervista.org/wp-content/uploads/2015/05/wpid-wp-1432761285178-300x200.png,http://telegramstickers.altervista.org/fat-rabbit-sticker-pack/
One Piece sticker pack,http://telegramstickers.altervista.org/wp-content/uploads/2015/05/wpid-wp-1432760748870-300x200.png,http://telegramstickers.altervista.org/one-piece-sticker-pack/
Star Wars sticker pack,http://telegramstickers.altervista.org/wp-content/uploads/2015/05/wpid-wp-1432760377860-300x200.png,http://telegramstickers.altervista.org/star-wars-sticker-pack/
The Big Bang Theory sticker pack,http://telegramstickers.altervista.org/wp-content/uploads/2015/05/wpid-wp-1432730885269-300x200.png,http://telegramstickers.altervista.org/the-big-bang-ttheory-sticker-pack/
Lego minifigures sticker pack,http://telegramstickers.altervista.org/wp-content/uploads/2015/05/wpid-wp-1432729275814-300x200.png,http://telegramstickers.altervista.org/lego-minifigures-sticker-pack/
South Park sticker set [UPDATE : more than 100 stickers now! ],http://telegramstickers.altervista.org/wp-content/uploads/2015/05/wpid-wp-1432712582949-300x200.png,http://telegramstickers.altervista.org/south-park-sticker-set/
Clarence sticker pack by Roberto Grassilli,http://telegramstickers.altervista.org/wp-content/uploads/2015/05/wpid-wp-1432705846020-300x200.png,http://telegramstickers.altervista.org/clarence-sticker-pack-by-roberto-grassilli/
Gianni Morandi for italians only,http://telegramstickers.altervista.org/wp-content/uploads/2015/05/wpid-wp-1432672404477-300x200.png,http://telegramstickers.altervista.org/gianni-morandi-for-italians-only/
Fossy the cat,http://telegramstickers.altervista.org/wp-content/uploads/2015/05/wpid-wp-1432670026341-300x200.png,http://telegramstickers.altervista.org/fossy-the-cat/
Thinking out Loud sticker pack,http://telegramstickers.altervista.org/wp-content/uploads/2015/05/wpid-wp-1432648647851-300x200.png,http://telegramstickers.altervista.org/thinking-out-loud-sticker-pack/
Monster hunter sticker pack [ Removed ],http://telegramstickers.altervista.org/wp-content/uploads/2015/05/wpid-wp-1432642062603-300x200.png,http://telegramstickers.altervista.org/monster-hunter-sticker-pack/
Minions sticker pack,http://telegramstickers.altervista.org/wp-content/uploads/2015/05/wpid-wp-1432641087727-300x200.png,http://telegramstickers.altervista.org/minions-sticker-pack/
Rage meme sticker pack,http://telegramstickers.altervista.org/wp-content/uploads/2015/05/wpid-wp-1432623993332-300x200.png,http://telegramstickers.altervista.org/rage-meme-sticker-pack/
Super Mario Bros sticker pack,http://telegramstickers.altervista.org/wp-content/uploads/2015/05/wpid-wp-1432623435228-300x200.png,http://telegramstickers.altervista.org/super-mario-bros-sticker-pack/
Facebook Sugar Cubs,http://telegramstickers.altervista.org/wp-content/uploads/2015/05/wpid-wp-1432443432736-300x200.png,http://telegramstickers.altervista.org/facebook-sugar-cubs/
Dragon Ball sticker set,http://telegramstickers.altervista.org/wp-content/uploads/2015/05/wpid-wp-1432442943764-300x200.png,http://telegramstickers.altervista.org/dragon-ball-sticker-set/
Adventure time sticker set,http://telegramstickers.altervista.org/wp-content/uploads/2015/05/wpid-wp-1432385329578-300x200.png,http://telegramstickers.altervista.org/adventure-time-sticker-set/
Windows 10 icon pack,http://telegramstickers.altervista.org/wp-content/uploads/2015/05/wpid-wp-1432384668570-300x200.png,http://telegramstickers.altervista.org/windows-10-i-con-set/
Hatch from Facebook sticker set,http://telegramstickers.altervista.org/wp-content/uploads/2015/05/wpid-wp-1432360380657-300x200.png,http://telegramstickers.altervista.org/hatch-from-facebook-sticker-set/
Brown & Cony sticker set,http://telegramstickers.altervista.org/wp-content/uploads/2015/05/wpid-wp-1432360013629-300x200.png,http://telegramstickers.altervista.org/brown-cony-sticker-set/
Italian Technology Pack,http://telegramstickers.altervista.org/wp-content/uploads/2015/05/Area-300x200.png,http://telegramstickers.altervista.org/italian-technology-pack/
Ingress Badge sticker set,http://telegramstickers.altervista.org/wp-content/uploads/2015/05/Screenshot-22-mag-2015-21-21-571-300x200.png,http://telegramstickers.altervista.org/ingress-badge-sticker-set/
Tuziki rabbit sticker set,http://telegramstickers.altervista.org/wp-content/uploads/2015/05/wpid-wp-1432299895359-300x200.png,http://telegramstickers.altervista.org/tuziki-rabbit-sticker-set/
Nicholas Cage sticker set!,http://telegramstickers.altervista.org/wp-content/uploads/2015/05/wpid-wp-1432284914726-300x200.png,http://telegramstickers.altervista.org/176/
Famous People sticker set by A. Sorochinskiy,http://telegramstickers.altervista.org/wp-content/uploads/2015/05/wpid-wp-1432273757502-300x200.png,http://telegramstickers.altervista.org/famous-people-sticker-set-by-a-sorochinskiy/
ADSF movie sticker set,http://telegramstickers.altervista.org/wp-content/uploads/2015/05/wpid-wp-1432271982997-300x200.png,http://telegramstickers.altervista.org/adsf-movie-sticker-set/
Cici the cute monkey girl sticker set,http://telegramstickers.altervista.org/wp-content/uploads/2015/05/wpid-wp-1432271533486-300x200.png,http://telegramstickers.altervista.org/cici-the-cute-monkey-girl/
Renshuu the panda sticker set,http://telegramstickers.altervista.org/wp-content/uploads/2015/05/wpid-wp-1432240829246-300x200.png,http://telegramstickers.altervista.org/renshuu-the-panda-sticker-set/
Windows 95 sticker set,http://telegramstickers.altervista.org/wp-content/uploads/2015/05/wpid-wp-1432240560511-300x200.png,http://telegramstickers.altervista.org/windows-95-sticker-set/
Other Great Minds sticker set by Davide Dalla Valle,http://telegramstickers.altervista.org/wp-content/uploads/2015/05/Screenshot-21-mag-2015-19-26-21-300x200.png,http://telegramstickers.altervista.org/other-great-minds-sticker-set-by-andrea-dalla-valle/
Facebook smiles sticker set,http://telegramstickers.altervista.org/wp-content/uploads/2015/05/Screenshot-21-mag-2015-17-11-08-300x200.png,http://telegramstickers.altervista.org/facebook-smiles-sticker-set/
My Little Pony Sticker Set,http://telegramstickers.altervista.org/wp-content/uploads/2015/05/Screenshot-21-mag-2015-16-23-55-300x200.png,http://telegramstickers.altervista.org/my-little-pony-sticker-set/
Weather sticker set,http://telegramstickers.altervista.org/wp-content/uploads/2015/05/Screenshot-21-mag-2015-15-54-04-300x200.png,http://telegramstickers.altervista.org/weather-sticker-set/
Simpsons sticker set,http://telegramstickers.altervista.org/wp-content/uploads/2015/05/Screenshot-21-mag-2015-14-19-55-300x200.png,http://telegramstickers.altervista.org/simpsons-sticker-set/
Cereal guy sticker set,http://telegramstickers.altervista.org/wp-content/uploads/2015/05/wpid-wp-1432206699593-300x200.png,http://telegramstickers.altervista.org/cereal-guy-sticker-set/
Raccoon sticker set!,http://telegramstickers.altervista.org/wp-content/uploads/2015/09/wpid-wp-1441104875747-300x200.png,http://telegramstickers.altervista.org/raccoon-ralph-sticker-set/
Dog sticker set,http://telegramstickers.altervista.org/wp-content/uploads/2015/05/Screenshot-21-mag-2015-07-57-48-300x200.png,http://telegramstickers.altervista.org/dog-sticker-set/
Calvin and Hobbes sticker set,http://telegramstickers.altervista.org/wp-content/uploads/2015/05/Screenshot-21-mag-2015-07-26-29-300x200.png,http://telegramstickers.altervista.org/calvin-and-hobbes-sticker/
Plusheen the cat sticker set,http://telegramstickers.altervista.org/wp-content/uploads/2015/05/Screenshot-21-mag-2015-07-18-23-300x200.png,http://telegramstickers.altervista.org/plusheen-the-cat-sticker-set-for-telegram/
Dolan sticker pack for Telegram,http://telegramstickers.altervista.org/wp-content/uploads/2015/05/wpid-wp-1432138121051-300x200.png,http://telegramstickers.altervista.org/dolan-sticker-pack-for-telegram/
Pidgeons sticker set for Telegram,http://telegramstickers.altervista.org/wp-content/uploads/2015/05/Screenshot_2015-05-20-16-57-20-1-300x200.png,http://telegramstickers.altervista.org/pidgeons-sticker-set-for-telegram/
Pokemon Sticker Set for Telegram,http://telegramstickers.altervista.org/wp-content/uploads/2015/05/Screenshot_2015-05-20-16-58-35-576x10241-300x200.png,http://telegramstickers.altervista.org/pokemon-sticker-set-for-telegram/
Vicky Sticker set,http://telegramstickers.altervista.org/wp-content/uploads/2015/05/f7ccb954c24755a2a8-300x200.jpeg,http://telegramstickers.altervista.org/vicky-sticker-set/
Flags of the world stickers,http://telegramstickers.altervista.org/wp-content/uploads/2015/05/Screenshot-20-mag-2015-17-05-57-300x200.png,http://telegramstickers.altervista.org/flags-of-the-world-stickers/
Animal Sticker Set,http://telegramstickers.altervista.org/wp-content/uploads/2015/05/bff1728992c9c639d3-300x200.jpeg,http://telegramstickers.altervista.org/animal-sticker-set/
Self-made Stickers arrived on Telegram,http://telegramstickers.altervista.org/wp-content/uploads/2015/05/5a0a48375b897976b7-300x200.jpeg,http://telegramstickers.altervista.org/self-made-stickers/
